Product Name,Brand,Reviews
Eilish Eau de Parfum,Billie Eilish,4.5 out of 5 stars ; 3431 reviews
COCO MADEMOISELLE Eau de Parfum Spray,CHANEL,4.5 out of 5 stars ; 362 reviews
Donna Born In Roma Eau de Parfum,Valentino,4.8 out of 5 stars ; 6034 reviews
Cloud Eau de Parfum,Ariana Grande,4.3 out of 5 stars ; 2772 reviews
Miss Dior Eau de Parfum,Dior,4.6 out of 5 stars ; 9704 reviews
Born in Roma Donna Perfume Gift Set,Valentino,4.8 out of 5 stars ; 6034 reviews
Her Eau de Parfum,Burberry,4.5 out of 5 stars ; 5046 reviews
CHANCE EAU TENDRE Eau de Parfum Spray,CHANEL,4.4 out of 5 stars ; 268 reviews
Burberry Goddess Eau de Parfum,Burberry,4.7 out of 5 stars ; 1382 reviews
Good Girl Blush Eau de Parfum,Carolina Herrera,4.5 out of 5 stars ; 448 reviews
MOD Vanilla Eau de Parfum,Ariana Grande,4.3 out of 5 stars ; 776 reviews
Eilish No. 2 Eau de Parfum,Billie Eilish,4 out of 5 stars ; 831 reviews
CHANCE EAU TENDRE Eau de Toilette Spray,CHANEL,4.8 out of 5 stars ; 122 reviews
Libre Eau de Parfum,Yves Saint Laurent,4.6 out of 5 stars ; 5164 reviews
Cosmic Kylie Jenner Eau de Parfum,KYLIE JENNER FRAGRANCES,4.3 out of 5 stars ; 2795 reviews
Sublime by Tory Burch Eau de Parfum,Tory Burch,4.4 out of 5 stars ; 284 reviews
Her Elixir de Parfum,Burberry,4.6 out of 5 stars ; 2485 reviews
Paradoxe Eau de Parfum,Prada,4.7 out of 5 stars ; 2256 reviews
Black Opium Eau de Parfum,Yves Saint Laurent,4.7 out of 5 stars ; 7499 reviews
Good Girl Eau de Parfum,Carolina Herrera,4.6 out of 5 stars ; 1980 reviews
Light Blue Eau de Toilette,Dolce&Gabbana,4.6 out of 5 stars ; 1715 reviews
J'adore Parfum D'eau Eau de Parfum,Dior,4.6 out of 5 stars ; 3751 reviews
Vault Collection,Ariana Grande,3.6 out of 5 stars ; 11 reviews
CHANCE EAU FRAÎCHE Eau de Parfum Spray,CHANEL,4.6 out of 5 stars ; 30 reviews
La Vie Est Belle Eau de Parfum,Lancôme,4.7 out of 5 stars ; 11415 reviews
LOVENOTES Pink Woods Eau de Parfum,Ariana Grande,4.2 out of 5 stars ; 258 reviews
Feminine Fragrance Must-Haves,Yves Saint Laurent,4 out of 5 stars ; 77 reviews
Cloud Pink Eau de Parfum,Ariana Grande,4.2 out of 5 stars ; 635 reviews
Fresh Cream Warm Cashmere Eau de Toilette,Philosophy,4.6 out of 5 stars ; 15794 reviews
Flowerbomb Eau de Parfum,Viktor&Rolf,4.8 out of 5 stars ; 10316 reviews
Flora Gorgeous Gardenia Eau de Parfum,Gucci,4.5 out of 5 stars ; 3283 reviews
COCO MADEMOISELLE Eau de Parfum Intense Spray,CHANEL,4.5 out of 5 stars ; 141 reviews
Donna Born in Roma Coral Fantasy Eau de Parfum,Valentino,4.7 out of 5 stars ; 1096 reviews
COCO MADEMOISELLE L'EAU PRIVÉE Eau Pour la Nuit Spray,CHANEL,4.4 out of 5 stars ; 22 reviews
Very Good Girl Glam and Good Girl Blush Elixir Mini Duo,Carolina Herrera,3.7 out of 5 stars ; 6 reviews
Mon Paris Eau de Parfum,Yves Saint Laurent,4.7 out of 5 stars ; 5030 reviews
Donna Born in Roma Intense Eau de Parfum,Valentino,4.7 out of 5 stars ; 1746 reviews
Bright Crystal Eau de Toilette,Versace,4.6 out of 5 stars ; 1213 reviews
Donna Born in Roma Green Stravaganza Eau de Parfum,Valentino,4.7 out of 5 stars ; 1954 reviews
Signature Eau de Parfum,Tory Burch,4.7 out of 5 stars ; 102 reviews
Miss Dior Parfum,Dior,4.8 out of 5 stars ; 1650 reviews
I Want Choo Eau de Parfum,Jimmy Choo,4.5 out of 5 stars ; 2281 reviews
J'adore Eau de Parfum,Dior,4.6 out of 5 stars ; 2944 reviews
XO KHLOÉ,KHLOÉ KARDASHIAN,4.5 out of 5 stars ; 189 reviews
Fresh Cream Warm Cashmere Eau de Toilette 2-Piece Holiday Gift Set,Philosophy,4.6 out of 5 stars ; 15794 reviews
Miss Dior Blooming Bouquet Eau de Toilette,Dior,4.6 out of 5 stars ; 7647 reviews
N°5 Eau de Parfum Spray,CHANEL,4.2 out of 5 stars ; 137 reviews
Kate Spade New York Eau de Parfum,Kate Spade New York,4.6 out of 5 stars ; 571 reviews
Paradoxe Intense Eau De Parfum,Prada,4.6 out of 5 stars ; 905 reviews
Flora Gorgeous Orchid Eau de Parfum,Gucci,4.7 out of 5 stars ; 2256 reviews
Bright Crystal Eau de Toilette 2 Piece Gift Set,Versace,4.6 out of 5 stars ; 36 reviews
Libre Eau de Parfum Intense,Yves Saint Laurent,4.8 out of 5 stars ; 1018 reviews
Unmute Eau De Parfum,NOYZ,4.5 out of 5 stars ; 476 reviews
Clinique Happy Eau de Parfum Spray,Clinique,4.7 out of 5 stars ; 1789 reviews
Libre Eau de Parfum Mini Duo Set,Yves Saint Laurent,3.2 out of 5 stars ; 6 reviews
Chérie Eau de Parfum,Kate Spade New York,4.6 out of 5 stars ; 834 reviews
Acqua di Gioia Eau de Parfum,ARMANI,4.6 out of 5 stars ; 1422 reviews
Flowerbomb Ruby Orchid Eau de Parfum,Viktor&Rolf,4.6 out of 5 stars ; 967 reviews
Very Good Girl Eau de Parfum,Carolina Herrera,4.4 out of 5 stars ; 231 reviews
Miss Dior Eau de Toilette,Dior,4.7 out of 5 stars ; 1837 reviews
Fragrance Discovery 4-Piece Mini Holiday Gift Set,Gucci,4.6 out of 5 stars ; 133 reviews
Burberry Goddess Eau de Parfum 3-Piece Holiday Gift Set,Burberry,4.7 out of 5 stars ; 1382 reviews
SOL Cheirosa '62 Eau de Parfum,Sol de Janeiro,4.7 out of 5 stars ; 5106 reviews
Bloom Eau De Toilette,Kate Spade New York,4.7 out of 5 stars ; 288 reviews
Daisy Ever So Fresh Eau de Parfum,Marc Jacobs,4.7 out of 5 stars ; 10439 reviews
J'adore Eau Lumière Eau de Toilette,Dior,4.8 out of 5 stars ; 100 reviews
Cloud 2.0 Intense Eau de Parfum,Ariana Grande,4.2 out of 5 stars ; 414 reviews
My Way Eau de Parfum Intense,ARMANI,4.6 out of 5 stars ; 1277 reviews
J'adore Eau de Parfum Infinissime,Dior,4.5 out of 5 stars ; 162 reviews
Mini Paradoxe Perfume Set,Prada,5 out of 5 stars ; 3 reviews
La Vie Est Belle L'Elixir Eau de Parfum,Lancôme,4.7 out of 5 stars ; 261 reviews
Flora Gorgeous Eau de Parfum 3-Piece Travel Spray Holiday Gift Set,Gucci,5 out of 5 stars ; 38 reviews
My Way Eau de Parfum,ARMANI,4.7 out of 5 stars ; 9480 reviews
Very Good Girl Glam Eau de Parfum,Carolina Herrera,4.4 out of 5 stars ; 487 reviews
MOD Blush Eau de Parfum,Ariana Grande,4.4 out of 5 stars ; 296 reviews
Dans Les Bois Eau de Toilette,DIME,4.4 out of 5 stars ; 4846 reviews
Perfect and Daisy Wild Eau de Parfum 2-Piece Mini Gift Set,Marc Jacobs,4.5 out of 5 stars ; 999 reviews
Devotion Eau de Parfum Intense,Dolce&Gabbana,4.3 out of 5 stars ; 95 reviews
Cherie Eau de Parfum 3-Piece Set,Kate Spade New York,5 out of 5 stars ; 1 reviews
Alien Eau de Parfum,MUGLER,4.7 out of 5 stars ; 2945 reviews
Black Opium Le Parfum,Yves Saint Laurent,4.6 out of 5 stars ; 1846 reviews
Black Opium Eau de Parfum Over Red,Yves Saint Laurent,4.7 out of 5 stars ; 1770 reviews
Mini Flowerbomb Perfume Set,Viktor&Rolf,4.8 out of 5 stars ; 128 reviews
Eilish & Eilish No. 2 Mini Duo Gift Set,Billie Eilish,4.2 out of 5 stars ; 33 reviews
Violet Santal Eau de Parfum,Oak Essentials,4.7 out of 5 stars ; 84 reviews
Sweet Like Candy Eau de Parfum,Ariana Grande,4.5 out of 5 stars ; 883 reviews
Candy Eau de Parfum,Prada,4.7 out of 5 stars ; 7028 reviews
Devotion Eau de Parfum,Dolce&Gabbana,4.2 out of 5 stars ; 391 reviews
Vanilla Musk Fragrance Oil,Nemat,4.3 out of 5 stars ; 403 reviews
7 Summers Eau de Toilette,DIME,4.7 out of 5 stars ; 4707 reviews
MOD Vanilla Mini 2-Piece Set,Ariana Grande,3.9 out of 5 stars ; 8 reviews
Flora Gorgeous Magnolia Eau de Parfum,Gucci,4.7 out of 5 stars ; 935 reviews
Cuir Rose Eau de Parfum,Oak Essentials,4.5 out of 5 stars ; 39 reviews
Santo Wood Eau de Parfum,Oak Essentials,4.2 out of 5 stars ; 51 reviews
Good Girl Blush Elixir,Carolina Herrera,4.3 out of 5 stars ; 353 reviews
Alien Goddess Eau de Parfum,MUGLER,4.6 out of 5 stars ; 4290 reviews
I Want Choo Le Parfum,Jimmy Choo,4.6 out of 5 stars ; 487 reviews
Amber Eau de Parfum,Nemat,3.4 out of 5 stars ; 132 reviews
Good Girl Eau de Parfum 2 Piece Gift Set,Carolina Herrera,4.6 out of 5 stars ; 1980 reviews
My Happy Cocoa & Cashmere Perfume Spray,Clinique,4.2 out of 5 stars ; 506 reviews
Dylan Purple Pour Femme Eau de Parfum,Versace,3.9 out of 5 stars ; 253 reviews
Libre Flower & Flames Eau de Parfum Florale,Yves Saint Laurent,4.8 out of 5 stars ; 1762 reviews
Daisy Eau de Toilette 2-Piece Holiday Gift Set,Marc Jacobs,4.7 out of 5 stars ; 6349 reviews
Irresistible Eau de Parfum 2-Pc Gift Set,Givenchy,5 out of 5 stars ; 3 reviews
Daisy Eau So Fresh Eau de Toilette,Marc Jacobs,4.7 out of 5 stars ; 10439 reviews
Ocean di Gioia Eau de Parfum,ARMANI,4.6 out of 5 stars ; 366 reviews
Daisy Love Eau So Sweet Eau de Toilette,Marc Jacobs,4.6 out of 5 stars ; 530 reviews
Irresistible Eau de Parfum,Givenchy,4.7 out of 5 stars ; 4365 reviews
Daisy Love Eau de Toilette,Marc Jacobs,4.7 out of 5 stars ; 6349 reviews
La Belle Eau de Parfum,Jean Paul Gaultier,4.4 out of 5 stars ; 801 reviews
Thank U Next Eau de Parfum,Ariana Grande,4 out of 5 stars ; 1179 reviews
Daisy Wild Eau de Parfum,Marc Jacobs,4.5 out of 5 stars ; 999 reviews
Chloé Eau de Parfum,Chloé,4.5 out of 5 stars ; 1926 reviews
Floral Eau de Parfum,Coach,4.6 out of 5 stars ; 1872 reviews
CHANCE EAU FRAÎCHE Eau de Toilette Spray,CHANEL,4.5 out of 5 stars ; 111 reviews
Romance Eau de Parfum,Ralph Lauren,4.7 out of 5 stars ; 4823 reviews
God Is A Woman Eau de Parfum,Ariana Grande,4.1 out of 5 stars ; 1352 reviews
Candy Eau de Parfum Mini And Travel Spray Set,Prada,4.7 out of 5 stars ; 7028 reviews
J'adore L'or,Dior,4.6 out of 5 stars ; 1728 reviews
SALTED MUSE Parfum,Orebella,4.6 out of 5 stars ; 754 reviews
CHANCE Eau de Parfum Spray,CHANEL,4.5 out of 5 stars ; 65 reviews
Amazing Grace Eau de Toilette,Philosophy,4.6 out of 5 stars ; 15794 reviews
Love Eau de Parfum,Coach,4.5 out of 5 stars ; 288 reviews
11 11 Eau de Parfum,Lake & Skye,4.4 out of 5 stars ; 907 reviews
I Want Choo Forever Eau de Parfum,Jimmy Choo,4.7 out of 5 stars ; 1779 reviews
Bright Crystal Absolu Eau de Parfum,Versace,4.8 out of 5 stars ; 178 reviews
BLOOMING FIRE Parfum,Orebella,4.7 out of 5 stars ; 420 reviews
Flowerbomb Tiger Lily Eau de Parfum,Viktor&Rolf,4.7 out of 5 stars ; 1450 reviews
Happy Heart Perfume Spray,Clinique,4.8 out of 5 stars ; 534 reviews
Vanilla Musk Eau de Parfum,Nemat,3.9 out of 5 stars ; 51 reviews
Angel Eau de Parfum,MUGLER,4.5 out of 5 stars ; 1872 reviews
NIGHTCAP Parfum,Orebella,3.7 out of 5 stars ; 182 reviews
Hypnotic Poison Eau de Toilette,Dior,4.5 out of 5 stars ; 522 reviews
Amazing Grace and Fresh Cream Warm Cashmere 2-Piece Mini Gift Set,Philosophy,4.6 out of 5 stars ; 15794 reviews
Dreams Sunset Eau de Parfum,Coach,4.6 out of 5 stars ; 1008 reviews
Cosmic Kylie Jenner Eau De Parfum Spray & Body Lotion Gift Set,KYLIE JENNER FRAGRANCES,4.3 out of 5 stars ; 2795 reviews
Bloom Eau de Toilette,Gucci,4.5 out of 5 stars ; 4499 reviews
Vanilla Vice Eau de Toilette,Snif,4.7 out of 5 stars ; 650 reviews
Perfect Eau de Parfum 2-Piece Holiday Gift Set,Marc Jacobs,4.6 out of 5 stars ; 2924 reviews
Flora Gorgeous Jasmine Eau de Parfum,Gucci,4.3 out of 5 stars ; 1750 reviews
Bamboo Eau de Parfum,Gucci,4.7 out of 5 stars ; 1332 reviews
Bloom Eau de Parfum Intense,Gucci,4.3 out of 5 stars ; 653 reviews
Yellow Diamond Eau de Toilette,Versace,4.6 out of 5 stars ; 422 reviews
Beyond Romance Eau de Parfum,Ralph Lauren,4.6 out of 5 stars ; 2508 reviews
Guilty Pour Femme Eau de Parfum,Gucci,4.4 out of 5 stars ; 848 reviews
Tiffany & Love Eau de Parfum For Her,Tiffany & Co.,4.4 out of 5 stars ; 523 reviews
Blue Eau de Toilette,Ralph Lauren,4.5 out of 5 stars ; 4431 reviews
I Want Choo 2-Piece Gift Set,Jimmy Choo,5 out of 5 stars ; 1 reviews
Amber Fragrance Oil,Nemat,3.9 out of 5 stars ; 275 reviews
The Only One Eau de Parfum,Dolce&Gabbana,4.6 out of 5 stars ; 175 reviews
Rose Era Eau de Toilette,Snif,4.8 out of 5 stars ; 574 reviews
Perfect Elixir Eau de Parfum,Marc Jacobs,4.5 out of 5 stars ; 672 reviews
Daisy Dream Eau de Toilette,Marc Jacobs,4.6 out of 5 stars ; 1075 reviews
Miel Bébé Eau De Parfum,LE MONDE GOURMAND,4.7 out of 5 stars ; 52 reviews
Her Eau de Toilette,Burberry,4.4 out of 5 stars ; 653 reviews
Flora Gorgeous Eau de Parfum 3-Piece Holiday Gift Set,Gucci,4.5 out of 5 stars ; 3283 reviews
La Vie Est Belle 2 Piece Fragrance Holiday Gift Set,Lancôme,5 out of 5 stars ; 2 reviews
Mini Alien Perfume Set,MUGLER,3.2 out of 5 stars ; 10 reviews
Crystal Noir Eau de Toilette,Versace,4.6 out of 5 stars ; 308 reviews
Donna Born In Roma Yellow Dream Eau de Parfum,Valentino,4.7 out of 5 stars ; 434 reviews
Brit For Her Eau de Parfum,Burberry,4.7 out of 5 stars ; 492 reviews
BONBON Eau de Parfum,Viktor&Rolf,4.6 out of 5 stars ; 2449 reviews
Rose Gold Eau de Parfum,Tiffany & Co.,4.4 out of 5 stars ; 1212 reviews
Bloom Eau de Parfum,Gucci,4.5 out of 5 stars ; 4499 reviews
Chloé Eau de Parfum 2-Piece Mini Holiday Gift Set,Chloé,4.5 out of 5 stars ; 1926 reviews
Bloom Eau de Parfum 2-Piece Holiday Gift Set,Gucci,4.5 out of 5 stars ; 4499 reviews
Miss Dior Eau de Parfum Roller-Pearl,Dior,4.6 out of 5 stars ; 9704 reviews
Amazing Grace Eau de Parfum,Philosophy,4.6 out of 5 stars ; 15794 reviews
Wild Rose Eau de Parfum,Coach,4.6 out of 5 stars ; 423 reviews
R.E.M. Eau de Parfum,Ariana Grande,4.4 out of 5 stars ; 994 reviews
"""VACATION"" by Vacation Eau de Toilette",Vacation,4.4 out of 5 stars ; 1464 reviews
Happy Together Perfume Holiday Gift Set,Clinique,4.2 out of 5 stars ; 11 reviews
Fame Eau de Parfum,Rabanne,4.5 out of 5 stars ; 484 reviews
Flowerbomb Nectar Eau de Parfum,Viktor&Rolf,4.8 out of 5 stars ; 1149 reviews
Ralph Eau de Toilette,Ralph Lauren,4.7 out of 5 stars ; 4771 reviews
Daisy Love Eau De Toilette 3-Piece Holiday Gift Set,Marc Jacobs,4.7 out of 5 stars ; 6349 reviews
Blossom Eau de Parfum,Jimmy Choo,4.2 out of 5 stars ; 30 reviews
Beautiful Magnolia Eau de Parfum Spray,Estée Lauder,4.8 out of 5 stars ; 7782 reviews
Giorgio Armani Fragrance Must-Haves 2 Piece Mini Gift Set,ARMANI,3.3 out of 5 stars ; 26 reviews
Light Blue Summer Vibes Eau de Toilette,Dolce&Gabbana,4.3 out of 5 stars ; 191 reviews
Her London Dream Eau de Parfum,Burberry,4.4 out of 5 stars ; 617 reviews
Her Eau de Parfum Petals Limited Edition,Burberry,4.5 out of 5 stars ; 5048 reviews
Acqua di Gioia Eau de Parfum Intense,ARMANI,4.7 out of 5 stars ; 195 reviews
Jimmy Choo Eau de Parfum,Jimmy Choo,4.6 out of 5 stars ; 521 reviews
Fever Eau de Parfum,Jimmy Choo,4.7 out of 5 stars ; 565 reviews
Sweet Ash Eau de Toilette,Snif,4.8 out of 5 stars ; 886 reviews
Dreams Sunset 4-Piece Set,Coach,Kit Price ($164 value)
Pleasures Eau de Parfum Perfume Spray,Estée Lauder,4.8 out of 5 stars ; 699 reviews
Euphoria Eau de Parfum,Calvin Klein,4.7 out of 5 stars ; 1851 reviews
Viva La Juicy Gold Couture Eau de Parfum,Juicy Couture,4.6 out of 5 stars ; 292 reviews
La Vie Est Belle 3 Piece Fragrance Holiday Gift Set,Lancôme,5 out of 5 stars ; 1 reviews
WINDOW2SOUL Parfum,Orebella,4.7 out of 5 stars ; 625 reviews
Devotion Eau de Parfum 2-Pc Gift Set,Dolce&Gabbana,3.6 out of 5 stars ; 5 reviews
Versace Crystal Noir Eau De Parfum,Versace,4.6 out of 5 stars ; 28 reviews
11 11 Vanilla Eau de Parfum,Lake & Skye,4.2 out of 5 stars ; 95 reviews
Sì Eau de Parfum,ARMANI,4.6 out of 5 stars ; 643 reviews
Dreams Eau de Parfum,Coach,4.3 out of 5 stars ; 1353 reviews
COCO Eau de Parfum Spray,CHANEL,4.5 out of 5 stars ; 35 reviews
Madagascar Vanilla Perfume Oil Duo Set,NEST New York,4.2 out of 5 stars ; 27 reviews
Miss Dior Rose N'Roses Eau de Toilette,Dior,4.2 out of 5 stars ; 3370 reviews
Trésor Eau de Parfum,Lancôme,4.7 out of 5 stars ; 624 reviews
Fame Eau de Parfum and Fame Parfum Mini Duo Gift Set,Rabanne,4.5 out of 5 stars ; 484 reviews
The One Eau de Parfum,Dolce&Gabbana,4.7 out of 5 stars ; 264 reviews
Heal the Way Eau de Toilette,Snif,4.8 out of 5 stars ; 786 reviews
Guilty Pour Femme Eau de Toilette,Gucci,4.3 out of 5 stars ; 1740 reviews
GABRIELLE CHANEL ESSENCE Eau de Parfum Spray,CHANEL,4.7 out of 5 stars ; 45 reviews
Coco Shimmy Eau de Toilette,Snif,4.8 out of 5 stars ; 298 reviews
Dylan Blue Pour Femme Eau de Parfum,Versace,4.5 out of 5 stars ; 400 reviews
Libre Le Parfum,Yves Saint Laurent,4.6 out of 5 stars ; 2562 reviews
Sublime by Tory Burch Eau de Parfum Mini Gift Set,Tory Burch,5 out of 5 stars ; 5 reviews
Fresh Cream Eau de Toilette,Philosophy,4.6 out of 5 stars ; 15794 reviews
Rose Gold Eau de Parfum 3-Piece Holiday Gift Set,Tiffany & Co.,4.4 out of 5 stars ; 1212 reviews
Crème Vanille Eau De Parfum,LE MONDE GOURMAND,4.1 out of 5 stars ; 37 reviews
Floral Eau de Parfum 2-Piece Set,Coach,5 out of 5 stars ; 3 reviews
Black Orchid Eau de Parfum,TOM FORD,4.2 out of 5 stars ; 806 reviews
Sì Passione Eau de Parfum,ARMANI,4.7 out of 5 stars ; 5553 reviews
Viva La Juicy Sucré Eau De Parfum,Juicy Couture,4.4 out of 5 stars ; 434 reviews
Tiffany & Love Eau de Parfum 3-Piece Holiday Gift Set,Tiffany & Co.,4.4 out of 5 stars ; 523 reviews
Daisy Eau So Intense Eau de Parfum,Marc Jacobs,4.4 out of 5 stars ; 1183 reviews
NIGHTCAP Duo Gift Set,Orebella,3.7 out of 5 stars ; 182 reviews
Nomade Eau de Parfum,Chloé,4.6 out of 5 stars ; 368 reviews
GABRIELLE CHANEL Eau de Parfum Spray,CHANEL,4 out of 5 stars ; 29 reviews
Idôle Now Eau De Parfum,Lancôme,4.6 out of 5 stars ; 513 reviews
Amazing Grace Eau de Toilette 3-Piece Gift Set,Philosophy,Kit Price ($118 value)
Perfect Intense Eau de Parfum,Marc Jacobs,4.5 out of 5 stars ; 1140 reviews
My Way Nectar Eau de Parfum,ARMANI,4.5 out of 5 stars ; 473 reviews
Chloé Eau de Parfum 2-Piece Holiday Gift Set,Chloé,4.5 out of 5 stars ; 1926 reviews
Rose Gold Intense Eau de Parfum,Tiffany & Co.,4.4 out of 5 stars ; 1212 reviews
Melrose Place Eau de Parfum,OUAI,4.3 out of 5 stars ; 152 reviews
Perfect Eau de Toilette,Marc Jacobs,4.3 out of 5 stars ; 698 reviews
Alien Hypersense Eau de Parfum,MUGLER,4.5 out of 5 stars ; 1805 reviews
Q by Dolce&Gabbana Eau de Parfum,Dolce&Gabbana,4.2 out of 5 stars ; 439 reviews
Indigo Eau de Parfum,NEST New York,4.6 out of 5 stars ; 78 reviews
Florence Eau de Parfum,TOCCA,5 out of 5 stars ; 17 reviews
Pure Grace Eau de Toilette,Philosophy,4.5 out of 5 stars ; 2974 reviews
CHANCE Eau de Toilette Spray,CHANEL,4.3 out of 5 stars ; 27 reviews
N°5 Eau de Toilette Spray,CHANEL,4.4 out of 5 stars ; 19 reviews
Viva La Juicy Mini + Gold Couture Mini 2 Piece Set,Juicy Couture,2.8 out of 5 stars ; 4 reviews
COCO MADEMOISELLE Eau de Toilette Spray,CHANEL,4.6 out of 5 stars ; 32 reviews
Dreams Moonlight Eau de Parfum,Coach,4.4 out of 5 stars ; 307 reviews
Noir Extreme Eau de Parfum,TOM FORD,4.6 out of 5 stars ; 716 reviews
Wonders Collection Mini Perfume Deluxe Set,TOCCA,5 out of 5 stars ; 1 reviews
Amazing Grace Eau de Toilette 3-Piece Mini Holiday Gift Set,Philosophy,4.6 out of 5 stars ; 15794 reviews
Idôle Aura Eau de Parfum,Lancôme,4.7 out of 5 stars ; 1985 reviews
12:00 Eau de Parfum,NOYZ,4.7 out of 5 stars ; 676 reviews
Rose Era Fragrance Set Eau de Toilette,Snif,4.8 out of 5 stars ; 574 reviews
Viva La Juicy Noir Eau de Parfum,Juicy Couture,4.5 out of 5 stars ; 228 reviews
Tart Deco Eau de Toilette,Snif,4.8 out of 5 stars ; 527 reviews
Dolce Eau de Parfum,Dolce&Gabbana,4.6 out of 5 stars ; 159 reviews
Eternity Eau de Parfum,Calvin Klein,4.5 out of 5 stars ; 405 reviews
Daisy Eau de Toilette 3-Piece Holiday Gift Set,Marc Jacobs,4.7 out of 5 stars ; 6349 reviews
L’Eau de Parfum Intense,Chloé,4.4 out of 5 stars ; 1016 reviews
La Vie Est Belle Iris Absolu Eau De Parfum,Lancôme,4.6 out of 5 stars ; 2826 reviews
Romance Eau de Parfum 3 Piece Women's Fragrance Gift Set,Ralph Lauren,
Chai Épicé Eau De Parfum,LE MONDE GOURMAND,4.4 out of 5 stars ; 73 reviews
Dolce Blue Jasmine Eau de Parfum,Dolce&Gabbana,4.2 out of 5 stars ; 190 reviews
L'Interdit Rouge Eau de Parfum,Givenchy,4.1 out of 5 stars ; 430 reviews
Her Blossom Eau de Toilette,Burberry,4.3 out of 5 stars ; 370 reviews
Trio Travel Gift Set,Orebella,2.5 out of 5 stars ; 10 reviews
L'Eau Eau de Toilette,Jimmy Choo,4.5 out of 5 stars ; 189 reviews
Moonlight Eau de Parfum,Ariana Grande,4.6 out of 5 stars ; 350 reviews
Amazing Grace Bergamot Eau de Toilette,Philosophy,4.4 out of 5 stars ; 699 reviews
Tiffany Eau de Parfum,Tiffany & Co.,4.2 out of 5 stars ; 426 reviews
Angel Nova Eau de Parfum,MUGLER,4.4 out of 5 stars ; 1968 reviews
Pure Grace Eau de Parfum,Philosophy,4.1 out of 5 stars ; 974 reviews
Aromatics Elixir Eau de Parfum Spray,Clinique,4 out of 5 stars ; 907 reviews
Fame Parfum,Rabanne,4.4 out of 5 stars ; 454 reviews
Dolce Blue Jasmine Eau de Parfum 2-Pc Gift Set,Dolce&Gabbana,4.4 out of 5 stars ; 5 reviews
Guilty Eau de Parfum Intense Pour Femme,Gucci,4.1 out of 5 stars ; 815 reviews
Tiffany Eau de Parfum 3-Piece Holiday Gift Set,Tiffany & Co.,4.2 out of 5 stars ; 426 reviews
Parfum Discovery Set,Orebella,4.3 out of 5 stars ; 6 reviews
Dolce Garden Eau de Parfum,Dolce&Gabbana,4.5 out of 5 stars ; 129 reviews
Irresistible Rose Velvet Eau de Parfum,Givenchy,4.7 out of 5 stars ; 1731 reviews
Honey Suite Eau de Toilette,Snif,4.8 out of 5 stars ; 221 reviews
Lait de Coco Eau de Parfum,LE MONDE GOURMAND,3.9 out of 5 stars ; 43 reviews
Amazing Grace Ballet Rose Eau de Toilette,Philosophy,4.6 out of 5 stars ; 1051 reviews
Dans Les Bois Perfume Set,DIME,Kit Price ($77 value)
Dolce Violet Eau de Toilette,Dolce&Gabbana,4.2 out of 5 stars ; 439 reviews
Amazing Grace Ballet Rose Eau de Parfum,Philosophy,4.6 out of 5 stars ; 346 reviews
Mon Paris Intensément Eau de Parfum,Yves Saint Laurent,4.5 out of 5 stars ; 268 reviews
Dylan Turquoise Eau De Toilette,Versace,4.5 out of 5 stars ; 917 reviews
A Whole Lotta Happy Fragrance Set,Clinique,4.2 out of 5 stars ; 5 reviews
Vanilla Vice Fragrance Set Eau de Toilette,Snif,4.7 out of 5 stars ; 650 reviews
Juicy Couture Eau de Parfum,Juicy Couture,4.7 out of 5 stars ; 193 reviews
Cashmere Mist Eau de Parfum,Donna Karan,4.6 out of 5 stars ; 1828 reviews
Rose Gold Intense Eau de Parfum 3-Piece Holiday Gift Set,Tiffany & Co.,4.4 out of 5 stars ; 1212 reviews
Fame Eau de Parfum Intense,Rabanne,4.6 out of 5 stars ; 125 reviews
La Vie Est Belle Soleil Cristal Eau de Parfum,Lancôme,4.6 out of 5 stars ; 760 reviews
Eros Pour Femme Eau de Toilette,Versace,4.7 out of 5 stars ; 172 reviews
Alien Goddess Intense Eau de Parfum,MUGLER,4.6 out of 5 stars ; 1810 reviews
Pistachio Brûlée Eau De Parfum,LE MONDE GOURMAND,3.8 out of 5 stars ; 48 reviews
Cerise Riche Eau de Parfum,LE MONDE GOURMAND,3.6 out of 5 stars ; 24 reviews
Alien Eau de Parfum 3 Piece Holiday Gift Set,MUGLER,Kit Price ($131 value)
My Happy Cookies & Kisses Perfume Spray,Clinique,4.1 out of 5 stars ; 176 reviews
L'Interdit Eau de Parfum,Givenchy,4.4 out of 5 stars ; 885 reviews
ALLURE Eau de Toilette Spray,CHANEL,4.4 out of 5 stars ; 14 reviews
Good Fortune Eau de Parfum,Viktor&Rolf,4.5 out of 5 stars ; 3757 reviews
Ombre Leather Parfum,TOM FORD,4.3 out of 5 stars ; 730 reviews
NIGHTCAP Deluxe Gift Set,Orebella,3.7 out of 5 stars ; 182 reviews
Red Door Eau de Toilette,Elizabeth Arden,4.2 out of 5 stars ; 112 reviews
Pure Grace Eau de Toilette 3-Piece Holiday Gift Set,Philosophy,4.5 out of 5 stars ; 2974 reviews
Pure Poison Eau de Parfum,Dior,4.3 out of 5 stars ; 116 reviews
Radiant Grace Eau de Parfum,Philosophy,4.6 out of 5 stars ; 15794 reviews
Mon Paris Lumiere Eau de Toilette,Yves Saint Laurent,4.7 out of 5 stars ; 815 reviews
Romance Eau de Parfum Intense,Ralph Lauren,4.5 out of 5 stars ; 948 reviews
L'Eau de Parfum Lumineuse,Chloé,4.4 out of 5 stars ; 1016 reviews
Eau de Soleil Blanc Eau de Toilette,TOM FORD,4.3 out of 5 stars ; 552 reviews
North Bondi Eau de Parfum,OUAI,4.2 out of 5 stars ; 118 reviews
Black Tulip Eau de Parfum,NEST New York,4.8 out of 5 stars ; 153 reviews
Miracle Eau de Parfum,Lancôme,4.7 out of 5 stars ; 124 reviews
Irresistible Eau De Parfum 3-Piece Travel Spray Discovery Set,Givenchy,5 out of 5 stars ; 3 reviews
11 11 Azure Eau de Parfum,Lake & Skye,4.7 out of 5 stars ; 93 reviews
Amazing Grace Eau de Parfum Intense,Philosophy,4.3 out of 5 stars ; 857 reviews
Daisy Eau So Fresh Pop Eau de Toilette,Marc Jacobs,4.7 out of 5 stars ; 291 reviews
Idôle Nectar Eau de Parfum,Lancôme,4.7 out of 5 stars ; 2953 reviews
Sì Passione Eau de Parfum 3-Piece Women's Fragrance Gift Set,ARMANI,4 out of 5 stars ; 1 reviews
Angel Elixir Eau de Parfum,MUGLER,4.6 out of 5 stars ; 4975 reviews
Café Rose Eau de Parfum,TOM FORD,4.2 out of 5 stars ; 859 reviews
COCO Eau de Toilette Spray,CHANEL,4.4 out of 5 stars ; 10 reviews
For All The Moods Fragrance Discovery 3-Piece Gift Set,Philosophy,4 out of 5 stars ; 2 reviews
Cleopatra Eau de Parfum,TOCCA,4.7 out of 5 stars ; 7 reviews
Take Me There Mini Perfume Set,Pacifica,4.1 out of 5 stars ; 15 reviews
Lady Million Eau de Parfum,Rabanne,4 out of 5 stars ; 4 reviews
Discovery Kit Eau De Parfum,NOYZ,4.2 out of 5 stars ; 140 reviews
Guilty Absolute Pour Femme Eau de Parfum,Gucci,4.6 out of 5 stars ; 245 reviews
Happy in Paradise Eau de Parfum,Clinique,4.2 out of 5 stars ; 5 reviews
Madagascar Vanilla Perfume Oil,NEST New York,4.5 out of 5 stars ; 201 reviews
Ange ou Démon le Secret Eau de Parfum,Givenchy,4.6 out of 5 stars ; 97 reviews
My Happy Peony Picnic,Clinique,4.5 out of 5 stars ; 122 reviews
MYTH Eau de Parfum,Ellis Brooklyn,4.6 out of 5 stars ; 58 reviews
Golden Nectar Duo Set,NEST New York,5 out of 5 stars ; 1 reviews
Angel Soirée Eau de Parfum,LE MONDE GOURMAND,3.7 out of 5 stars ; 25 reviews
Cinnabar Eau de Parfum Fragrance Spray,Estée Lauder,4.2 out of 5 stars ; 318 reviews
Dylan Turquoise Eau de Toilette Gift Set,Versace,3.8 out of 5 stars ; 16 reviews
Pétale Éphémère Eau De Parfum,LE MONDE GOURMAND,4.4 out of 5 stars ; 60 reviews
"I Love Your Smell, Baby Eau de Toilette",DIME,4.8 out of 5 stars ; 2056 reviews
Unicorn Fruit Eau de Parfum,Truly,4.6 out of 5 stars ; 524 reviews
White Tea Eau de Toilette,Elizabeth Arden,4.6 out of 5 stars ; 656 reviews
Wild Poppy Eau de Parfum,NEST New York,4.9 out of 5 stars ; 68 reviews
Vanilla Baby Eau de Parfum,Truly,4.1 out of 5 stars ; 17 reviews
Amazing Grace Magnolia Eau de Parfum,Philosophy,4.6 out of 5 stars ; 286 reviews
GABRIELLE CHANEL L'EAU Eau de Toilette Spray,CHANEL,4.3 out of 5 stars ; 7 reviews
Perfect Charm Eau de Parfum - The Collector Edition,Marc Jacobs,4.6 out of 5 stars ; 2924 reviews
Amarige Eau de Toilette,Givenchy,4.5 out of 5 stars ; 126 reviews
N°5 EAU PREMIÈRE Eau de Parfum Spray,CHANEL,4.5 out of 5 stars ; 17 reviews
My Happy Indigo Mist Perfume Spray,Clinique,4.5 out of 5 stars ; 69 reviews
Stella Eau de Parfum,TOCCA,5 out of 5 stars ; 4 reviews
Bronze Goddess Eau Fraîche Skinscent Perfume Spray,Estée Lauder,4 out of 5 stars ; 132 reviews
Eros Pour Femme Eau de Parfum,Versace,4 out of 5 stars ; 34 reviews
Dolce Lily Eau de Toilette,Dolce&Gabbana,4.2 out of 5 stars ; 49 reviews
Irresistible Very Floral Eau De Parfum,Givenchy,4.7 out of 5 stars ; 495 reviews
Beautiful Belle Eau de Parfum,Estée Lauder,4.7 out of 5 stars ; 8916 reviews
Clinique My Happy Lily of the Beach,Clinique,4.5 out of 5 stars ; 94 reviews
Daisy Ever So Fresh Eau de Parfum 3-Piece Gift Set,Marc Jacobs,4.7 out of 5 stars ; 10439 reviews
Organza Eau de Parfum,Givenchy,4.6 out of 5 stars ; 72 reviews
Lychee Rose Eau de Parfum,NEST New York,4.2 out of 5 stars ; 22 reviews
Idôle L'Eau de Toilette,Lancôme,4.6 out of 5 stars ; 551 reviews
Santal Supreme Eau De Parfum,LE MONDE GOURMAND,4.2 out of 5 stars ; 26 reviews
CHANCE EAU VIVE Eau de Toilette Spray,CHANEL,4.5 out of 5 stars ; 13 reviews
Bloom Profumo di Fiori Eau de Parfum,Gucci,4.1 out of 5 stars ; 1083 reviews
Classic Skin Eau de Parfum,Clean,4.5 out of 5 stars ; 49 reviews
La Vie Est Belle L'Extrait Extrait de Parfum,Lancôme,4.6 out of 5 stars ; 96 reviews
Wildly Me Eau de Toilette,florence by mills,4.8 out of 5 stars ; 110 reviews
Velvet Orchid Eau de Parfum,TOM FORD,4.5 out of 5 stars ; 29 reviews
Turkish Rose Perfume Oil,NEST New York,4.7 out of 5 stars ; 239 reviews
Tiffany Sheer Eau de Toilette,Tiffany & Co.,4.5 out of 5 stars ; 352 reviews
Golden Nectar Eau de Parfum,NEST New York,4.8 out of 5 stars ; 97 reviews
Sh**ty Day Eau de Parfum,NOYZ,4.3 out of 5 stars ; 215 reviews
Dolce Rose Eau de Toilette,Dolce&Gabbana,4.4 out of 5 stars ; 40 reviews
Lovely Sweet Dreams Eau de Toilette,DIME,4.8 out of 5 stars ; 2212 reviews
Q by Dolce&Gabbana Eau de Parfum Intense,Dolce&Gabbana,4.6 out of 5 stars ; 132 reviews
Colette Eau de Parfum,TOCCA,5 out of 5 stars ; 7 reviews
Good Fortune Eau de Parfum Gift Set,Viktor&Rolf,4.5 out of 5 stars ; 3757 reviews
Spellbound Eau de Parfum Fragrance Spray,Estée Lauder,4.2 out of 5 stars ; 249 reviews
Bestseller Sample Set Eau de Toilette,Snif,3.4 out of 5 stars ; 10 reviews
Daisy Love Pop Eau de Toilette,Marc Jacobs,4.6 out of 5 stars ; 294 reviews
Bronze Goddess Eau Fraîche,Estée Lauder,4 out of 5 stars ; 132 reviews
"""AFTER SUN"" by Vacation Eau de Toilette",Vacation,4.6 out of 5 stars ; 450 reviews
Sunkissed Hibiscus Eau de Parfum,NEST New York,4.7 out of 5 stars ; 131 reviews
Indian Jasmine Perfume Oil,NEST New York,4.7 out of 5 stars ; 73 reviews
Pêche Délicieuse Eau de Parfum,LE MONDE GOURMAND,4.2 out of 5 stars ; 23 reviews
Giulietta Eau de Parfum,TOCCA,5 out of 5 stars ; 3 reviews
SWEET Eau de Parfum,Ellis Brooklyn,4.4 out of 5 stars ; 67 reviews
N°5 L'EAU Eau de Toilette Spray,CHANEL,4.1 out of 5 stars ; 22 reviews
Amazing Grace Lavender Eau de Toilette,Philosophy,4.3 out of 5 stars ; 668 reviews
Black Orchid Parfum,TOM FORD,4.3 out of 5 stars ; 602 reviews
Beach Eau De Parfum,BOBBI BROWN,4.6 out of 5 stars ; 402 reviews
Balinese Coconut Perfume Oil,NEST New York,4.4 out of 5 stars ; 60 reviews
Guilty Elixir de Parfum Pour Femme,Gucci,4.2 out of 5 stars ; 441 reviews
My Happy Baby Bouquet Perfume Spray,Clinique,4 out of 5 stars ; 46 reviews
Amazing Grace Jasmine Eau de Toilette,Philosophy,4.4 out of 5 stars ; 701 reviews
Bright Crystal Parfum,Versace,5 out of 5 stars ; 1 reviews
Bamboo Eau de Toilette,Gucci,4.7 out of 5 stars ; 158 reviews
Classic Warm Cotton Eau de Parfum,Clean,3.9 out of 5 stars ; 42 reviews
Irresistible Eau De Toilette Fraiche,Givenchy,4.7 out of 5 stars ; 2290 reviews
Seville Orange Perfume Oil,NEST New York,4.7 out of 5 stars ; 234 reviews
Bronze Goddess Nuit Eau de Parfum,Estée Lauder,4.7 out of 5 stars ; 31 reviews
I Want Choo Forever Eau de Parfum Travel Spray,Jimmy Choo,4.7 out of 5 stars ; 1779 reviews
I Love Juicy Couture Eau de Parfum,Juicy Couture,4.7 out of 5 stars ; 56 reviews
Unconditional Love Eau de Toilette,Philosophy,4.6 out of 5 stars ; 444 reviews
Daisy Pop Eau de Toilette,Marc Jacobs,4.6 out of 5 stars ; 283 reviews
Luxury Fragrance Wardrobe,TOCCA,3.5 out of 5 stars ; 6 reviews
Ginger Essence Sensuous Skin Perfume Scent,Origins,3.6 out of 5 stars ; 8 reviews
Amazing Grace Eau de Toilette 3-Piece Holiday Gift Set,Philosophy,4.6 out of 5 stars ; 15794 reviews
Malibu Night Eau de Toilette,DIME,4.8 out of 5 stars ; 1403 reviews
Alien Goddess Supra Florale Eau de Parfum,MUGLER,4.6 out of 5 stars ; 652 reviews
Green Tea Eau de Toilette Spray,Elizabeth Arden,4.4 out of 5 stars ; 26 reviews
APPLE LOVE Eau de Parfum,Ellis Brooklyn,4.4 out of 5 stars ; 8 reviews
Vow Factor Eau de Toilette,Snif,4.8 out of 5 stars ; 302 reviews
Flowerbomb Dew Eau de Parfum,Viktor&Rolf,4.6 out of 5 stars ; 621 reviews
Pirette Eau de Parfum,Pirette,4.5 out of 5 stars ; 24 reviews
Musk Amber Fragrance Oil,Nemat,4.5 out of 5 stars ; 6 reviews
Core Memory Eau de Toilette,DIME,4.7 out of 5 stars ; 743 reviews
White Musk Fragrance Oil,Nemat,3.2 out of 5 stars ; 19 reviews
'Ôrəbella Perfume Stand for 3.4 oz,Orebella,4.3 out of 5 stars ; 29 reviews
Classic Vanilla Cloud Limited Edition,Clean,4.1 out of 5 stars ; 9 reviews
GABRIELLE CHANEL Parfum Spray,CHANEL,2.8 out of 5 stars ; 5 reviews
VANILLA MILK Eau de Parfum,Ellis Brooklyn,4 out of 5 stars ; 53 reviews
Golden Ticket Eau de Toilette,Snif,4.7 out of 5 stars ; 200 reviews
Lost + Found Eau De Parfum,NOYZ,4.3 out of 5 stars ; 215 reviews
Daisy Dream Forever Eau de Parfum,Marc Jacobs,4.6 out of 5 stars ; 1075 reviews
Toy 2 Eau de Parfum,Moschino,4.4 out of 5 stars ; 397 reviews
Egyptian Musk Fragrance Oil,Nemat,4.2 out of 5 stars ; 12 reviews
L'Interdit Absolu Eau de Parfum Intense,Givenchy,4.5 out of 5 stars ; 273 reviews
SUPER AMBER Eau de Parfum,Ellis Brooklyn,3.9 out of 5 stars ; 28 reviews
Amazing Grace Magnolia Eau de Toilette,Philosophy,4.5 out of 5 stars ; 323 reviews
Citrus Circus Eau de Toilette,Snif,4.8 out of 5 stars ; 202 reviews
I Am Juicy Couture Eau de Parfum,Juicy Couture,4.7 out of 5 stars ; 92 reviews
House of 8 Eau de Toilette,Snif,4.7 out of 5 stars ; 221 reviews
SUN FRUIT Eau de Parfum,Ellis Brooklyn,4.2 out of 5 stars ; 33 reviews
Lucia Eau de Parfum,TOCCA,4.4 out of 5 stars ; 7 reviews
Pure Grace Nude Rose Eau de Parfum,Philosophy,4.6 out of 5 stars ; 227 reviews
Way with Woods Eau de Toilette,Snif,4.7 out of 5 stars ; 116 reviews
Be Delicious Orchard St.,DKNY,4.5 out of 5 stars ; 323 reviews
FLORIST Eau de Parfum,Ellis Brooklyn,4.6 out of 5 stars ; 18 reviews
Chloé Eau de Parfum Naturelle,Chloé,4 out of 5 stars ; 362 reviews
Hesperides Grapefruit Eau de Parfum,fresh,4.3 out of 5 stars ; 57 reviews
Tache de Café Eau de Parfum,LE MONDE GOURMAND,4.1 out of 5 stars ; 8 reviews
Classic Rain Eau de Parfum,Clean,4.2 out of 5 stars ; 17 reviews
Dean Street Eau de Parfum,OUAI,4.1 out of 5 stars ; 28 reviews
Silver Moon Spray Perfume,Pacifica,4.2 out of 5 stars ; 26 reviews
Mon Guerlain Eau de Parfum,Guerlain,4.8 out of 5 stars ; 138 reviews
White Tea Wild Rose Eau de Toilette,Elizabeth Arden,4.7 out of 5 stars ; 560 reviews
Cashmere Mist Eau de Toilette,Donna Karan,4.8 out of 5 stars ; 309 reviews
Eau de Parfum Mini Discovery Set,TOCCA,4 out of 5 stars ; 2 reviews
Midnight 07 Eau de Parfum,Lake & Skye,4.5 out of 5 stars ; 117 reviews
Santal Gray Eau de Parfum,Lake & Skye,4.6 out of 5 stars ; 71 reviews
Rue St. Honoré Eau de Parfum,OUAI,4.4 out of 5 stars ; 25 reviews
Bloom Ambrosia di Fiori Eau de Parfum Intense,Gucci,4.1 out of 5 stars ; 439 reviews
Pillowtalk Poet Eau de Parfum,Pinrose,4.2 out of 5 stars ; 23 reviews
Scarlet Moon Eau de Parfum,RMS Beauty,4.7 out of 5 stars ; 123 reviews
Beautiful Magnolia L'Eau Eau de Toilette Spray,Estée Lauder,3 out of 5 stars ; 2 reviews
Pumpkin Crème Eau de Parfum,LE MONDE GOURMAND,3.8 out of 5 stars ; 37 reviews
Dream Moon Spray Perfume,Pacifica,4.1 out of 5 stars ; 14 reviews
Island Vanilla Spray Perfume,Pacifica,2.1 out of 5 stars ; 78 reviews
Love Club Eau De Parfum,NOYZ,3.8 out of 5 stars ; 106 reviews
Chloé Eau de Toilette Rose Tangerine,Chloé,4 out of 5 stars ; 564 reviews
COCO Eau de Parfum Refillable Spray,CHANEL,5 out of 5 stars ; 8 reviews
Wildly Me Eau De Toilette Travel Spray,florence by mills,4.8 out of 5 stars ; 56 reviews
Sugar Lychee Eau de Parfum,fresh,3.8 out of 5 stars ; 24 reviews
Sugar Lemon Eau de Parfum,fresh,3 out of 5 stars ; 15 reviews
APRÈS Eau de Parfum,Ellis Brooklyn,4.5 out of 5 stars ; 13 reviews
BEE Eau de Parfum,Ellis Brooklyn,4.1 out of 5 stars ; 40 reviews
Evening Glass Eau De Parfum,Pirette,5 out of 5 stars ; 2 reviews
Vignettes Mini Fragrance Set,Ellis Brooklyn,4.8 out of 5 stars ; 6 reviews
Secret Genius Eau de Parfum,Pinrose,4.2 out of 5 stars ; 23 reviews
SUPER AMBER Eau de Parfum Travel Spray,Ellis Brooklyn,3.8 out of 5 stars ; 16 reviews
Turquatic Fragrance Blend Perfume Spray,MAC,4.4 out of 5 stars ; 569 reviews
Toy 2 Bubble Gum Eau de Toilette,Moschino,3.7 out of 5 stars ; 38 reviews
Jasmine Blossom Eau de Parfum,Nemat,4.5 out of 5 stars ; 8 reviews
Nomade Eau de Toilette,Chloé,3.9 out of 5 stars ; 522 reviews
Classic Apple Blossom,Clean,4.3 out of 5 stars ; 16 reviews
Indian Coconut Nectar Spray Perfume,Pacifica,3.5 out of 5 stars ; 17 reviews
Pure Grace Nude Rose Eau de Toilette,Philosophy,4.5 out of 5 stars ; 295 reviews
Black Orchid Eau De Toilette,TOM FORD,4 out of 5 stars ; 3 reviews
Beautiful Magnolia L'Eau Eau de Toilette Travel Spray,Estée Lauder,4.4 out of 5 stars ; 222 reviews
L'Interdit Eau de Parfum Rouge Ultime,Givenchy,4.1 out of 5 stars ; 362 reviews
Florence Olio Sublime Profumato - Scented Dry Body Oil,TOCCA,4 out of 5 stars ; 6 reviews
White Tea Ginger Lily Eau de Toilette,Elizabeth Arden,4.6 out of 5 stars ; 106 reviews
Sakura Blossom Eau de Toilette Spray,Elizabeth Arden,4.6 out of 5 stars ; 7 reviews
Romance Elixir,Ralph Lauren,4 out of 5 stars ; 1 reviews
Passion Fruit Spray Perfume,Pacifica,4.4 out of 5 stars ; 18 reviews
DKNY 24/7,DKNY,4.3 out of 5 stars ; 261 reviews
Red Rose Eau de Parfum,Nemat,4.2 out of 5 stars ; 6 reviews
Cleopatra Olio Sublime Profumato - Scented Dry Body Oil,TOCCA,3.7 out of 5 stars ; 3 reviews
WEST Eau de Parfum,Ellis Brooklyn,4.1 out of 5 stars ; 15 reviews
Stella Olio Sublime Profumato - Scented Dry Body Oil,TOCCA,4 out of 5 stars ; 3 reviews
Apaaray Eau de Parfum,Lake & Skye,4.3 out of 5 stars ; 50 reviews
'Ôrəbella Travel Case for 0.33 oz,Orebella,3 out of 5 stars ; 2 reviews
Beach Day Spray Perfume,Pacifica,3.8 out of 5 stars ; 17 reviews
Evening Glass Fragrance Oil,Pirette,4.7 out of 5 stars ; 6 reviews
Golden Glaze Eau de Parfum,Truly,3.3 out of 5 stars ; 4 reviews
Côte du Paradis Eau de Parfum,Lake & Skye,3.9 out of 5 stars ; 34 reviews
Sun Saint Eau de Parfum,Pinrose,4.7 out of 5 stars ; 3 reviews
MYTH Eau de Parfum Mini,Ellis Brooklyn,3 out of 5 stars ; 2 reviews
Montana Sky Spray Perfume,Pacifica,3.8 out of 5 stars ; 27 reviews
FLORIST Eau de Parfum Mini,Ellis Brooklyn,4 out of 5 stars ; 1 reviews
VANILLA MILK Eau de Parfum Mini,Ellis Brooklyn,3.3 out of 5 stars ; 9 reviews
Toy Boy Eau de Parfum Travel Spray,Moschino,4 out of 5 stars ; 4 reviews
SALT Eau de Parfum,Ellis Brooklyn,4.2 out of 5 stars ; 39 reviews
